{
	"class_name" : "ViewTrajectory",
	"interval" : 29,
	"is_loop" : false,
	"trajectory" : 
	[
		{
			"boundingbox_max" : [ 69.017997741699219, 32.631000518798828, 2.0069999694824219 ],
			"boundingbox_min" : [ -0.12, -16.934999465942383, -2.1889998912811279 ],
			"field_of_view" : 60.0,
			"front" : [ -0.97492652931766444, -0.058301976011974288, 0.21475367756039143 ],
			"lookat" : [ 34.256215097320826, 3.8083010512658428, -4.4913787166461141 ],
			"up" : [ 0.20446490759670446, 0.1461656199510811, 0.96789963999672357 ],
			"zoom" : 0.37999999999999967
		}
	],
	"version_major" : 1,
	"version_minor" : 0
}

{
	"class_name" : "ViewTrajectory",
	"interval" : 29,
	"is_loop" : false,
	"trajectory" : 
	[
		{
			"boundingbox_max" : [ 69.017997741699219, 32.631000518798828, 2.0069999694824219 ],
			"boundingbox_min" : [ 4.8550000190734863, -16.934999465942383, -2.1889998912811279 ],
			"field_of_view" : 60.0,
			"front" : [ -0.99030783944282885, -0.026955850580090156, 0.13624890919776253 ],
			"lookat" : [ 34.682845105205296, 4.0163881842268507, -1.7519006546743743 ],
			"up" : [ 0.13617305134165394, 0.0046386846820924621, 0.99067420613071555 ],
			"zoom" : 0.379
		}
	],
	"version_major" : 1,
	"version_minor" : 0
}

{
	"class_name" : "ViewTrajectory",
	"interval" : 29,
	"is_loop" : false,
	"trajectory" : 
	[
		{
			"boundingbox_max" : [ 69.017997741699219, 32.631000518798828, 2.0069999694824219 ],
			"boundingbox_min" : [ 4.8550000190734863, -16.934999465942383, -2.1889998912811279 ],
			"field_of_view" : 60.0,
			"front" : [ -0.98941238878865423, -0.0029196836964306646, 0.14510203430221755 ],
			"lookat" : [ 34.587559763783581, 2.1901744029098298, -2.795210361923516 ],
			"up" : [ 0.14508833190042039, 0.0044582068782203247, 0.98940866194802657 ],
			"zoom" : 0.38
		}
	],
	"version_major" : 1,
	"version_minor" : 0
}

{
	"class_name" : "ViewTrajectory",
	"interval" : 29,
	"is_loop" : false,
	"trajectory" : 
	[
		{
			"boundingbox_max" : [ 70.0989990234375, 8.9600000381469727, 2.5980000495910645 ],
			"boundingbox_min" : [ 3.3440001010894775, -16.231000900268555, -1.6979999542236328 ],
			"field_of_view" : 60.0,
			"front" : [ -0.97676442225100757, -0.023498892871663506, 0.21302362652640583 ],
			"lookat" : [ 34.263240535822568, 1.9237792262225462, -4.2783167478064925 ],
			"up" : [ 0.21291705942036207, 0.0069764742067633259, 0.97704536978352663 ],
			"zoom" : 0.31999999999999995
		}
	],
	"version_major" : 1,
	"version_minor" : 0
}

{
	"class_name" : "ViewTrajectory",
	"interval" : 29,
	"is_loop" : false,
	"trajectory" : 
	[
		{
			"boundingbox_max" : [ 70.0989990234375, 8.9600000381469727, 2.5980000495910645 ],
			"boundingbox_min" : [ 3.3440001010894775, -16.231000900268555, -1.6979999542236328 ],
			"field_of_view" : 60.0,
			"front" : [ -0.99030783944282885, -0.026955850580090156, 0.13624890919776253 ],
			"lookat" : [ 34.489517885196236, 1.9313940976191621, -3.2082727163913023 ],
			"up" : [ 0.13617305134165394, 0.0046386846820924508, 0.99067420613071555 ],
			"zoom" : 0.32000000000000001
		}
	],
	"version_major" : 1,
	"version_minor" : 0
}
{
	"class_name" : "ViewTrajectory",
	"interval" : 29,
	"is_loop" : false,
	"trajectory" : 
	[
		{
			"boundingbox_max" : [ 68.306999206542969, 10.01200008392334, 2.4820001125335693 ],
			"boundingbox_min" : [ 6.1739997863769531, -7.0539999008178711, -1.8170000314712524 ],
			"field_of_view" : 60.0,
			"front" : [ -0.99067020893673507, 0.0060394660970316556, 0.13614720700223237 ],
			"lookat" : [ 34.682845105205296, 2.1901744029098298, -3.2082727163913023 ],
			"up" : [ 0.13617477252845089, 0.0044137020149835676, 0.9906749974443424 ],
			"zoom" : 0.36000000000000004
		}
	],
	"version_major" : 1,
	"version_minor" : 0
}
